{
  "Version": 1,
  "WorkspaceRootPath": "D:\\OSKernel\\Demo\\",
  "Documents": [
    {
      "AbsoluteMoniker": "D:0:0:{A2FE74E1-B743-11D0-AE1A-00A0C90FFFC3}|\u003CMiscFiles\u003E|D:\\OSKernel\\Demo\\src\\main.rs||{8B382828-6202-11D1-8870-0000F87579D2}",
      "RelativeMoniker": "D:0:0:{A2FE74E1-B743-11D0-AE1A-00A0C90FFFC3}|\u003CMiscFiles\u003E|solutionrelative:src\\main.rs||{8B382828-6202-11D1-8870-0000F87579D2}"
    }
  ],
  "DocumentGroupContainers": [
    {
      "Orientation": 0,
      "VerticalTabListWidth": 206,
      "DocumentGroups": [
        {
          "DockedWidth": 200,
          "SelectedChildIndex": 4,
          "Children": [
            {
              "$type": "Bookmark",
              "Name": "ST:128:0:{13b12e3e-c1b4-4539-9371-4fe9a0d523fc}"
            },
            {
              "$type": "Bookmark",
              "Name": "ST:129:0:{116d2292-e37d-41cd-a077-ebacac4c8cc4}"
            },
            {
              "$type": "Bookmark",
              "Name": "ST:130:0:{1fc202d4-d401-403c-9834-5b218574bb67}"
            },
            {
              "$type": "Bookmark",
              "Name": "ST:131:0:{1fc202d4-d401-403c-9834-5b218574bb67}"
            },
            {
              "$type": "Document",
              "DocumentIndex": 0,
              "Title": "main.rs",
              "DocumentMoniker": "D:\\OSKernel\\Demo\\src\\main.rs",
              "RelativeDocumentMoniker": "src\\main.rs",
              "ToolTip": "D:\\OSKernel\\Demo\\src\\main.rs",
              "RelativeToolTip": "src\\main.rs",
              "ViewState": "AQIAAAAAAAAAAAAAmJkZwAsAAAABAAAA",
              "Icon": "ae27a6b0-e345-4288-96df-5eaf394ee369.000600|",
              "WhenOpened": "2023-12-01T11:42:05.362Z",
              "EditorCaption": ""
            }
          ]
        }
      ]
    }
  ]
}